distance,parity,visibility,vis_err,parity_err
0,-1.0,0.9825776521012486,0.015846922433938437,
10,0.8839050131926122,0.9798097952920988,0.0031123537157369,0.05133632328979612
50,-1.0,0.9808446330107712,0.0029083744491805686,
100,0.8734177215189873,0.9749110316984859,0.00663241528749122,0.06453407534425135
